entry_time,exit_time,direction,exit_reason,pnl_net,r_multiple,duration_min,mfe_r,mae_r,back_to_vwap,range_expansion_pts,min_to_0.25R,min_to_0.5R,min_to_1.0R
2025-01-06 10:13:00,2025-01-06 12:43:00,1,stop,-87.58,-1.03,150.0,1.765,1.088,True,49.0,0.0,2.0,7.0
2025-01-08 15:13:00,2025-01-08 15:24:00,-1,stop,-74.58,-1.036,11.0,0.556,1.035,True,0.0,1.0,2.0,
2025-01-13 10:25:00,2025-01-13 10:39:00,-1,stop,-96.58,-1.027,14.0,1.16,1.037,True,0.0,0.0,0.0,2.0
2025-01-15 13:04:00,2025-01-15 14:37:00,1,target,152.42,1.979,93.0,2.0,0.37,False,24.5,15.0,21.0,27.0
2025-01-16 10:05:00,2025-01-16 10:09:00,-1,stop,-93.58,-1.023,4.0,0.082,1.224,True,0.0,,,
2025-01-16 10:35:00,2025-01-16 11:00:00,-1,stop,-90.58,-1.029,25.0,0.767,1.233,True,0.0,0.0,3.0,
2025-01-22 10:39:00,2025-01-22 11:00:00,1,stop,-88.58,-1.024,21.0,0.075,1.087,False,0.75,,,
2025-01-23 10:03:00,2025-01-23 10:35:00,-1,stop,-77.58,-1.028,32.0,0.377,1.126,True,5.75,0.0,,
2025-01-23 15:15:00,2025-01-23 15:50:00,1,session_flatten,5.42,0.09,35.0,0.364,0.421,False,0.0,1.0,,
2025-01-29 10:05:00,2025-01-29 10:10:00,-1,stop,-66.58,-1.04,5.0,0.312,1.016,True,0.0,0.0,,
2025-01-29 10:27:00,2025-01-29 13:03:00,-1,target,197.42,1.984,156.0,2.0,0.774,True,81.0,0.0,1.0,18.0
2025-01-29 14:04:00,2025-01-29 14:18:00,-1,target,127.42,1.976,14.0,2.093,0.636,False,0.0,0.0,1.0,2.0
2025-01-29 14:59:00,2025-01-29 15:04:00,1,stop,-98.58,-1.027,5.0,0.172,1.229,True,0.0,,,
2025-02-04 14:12:00,2025-02-04 15:00:00,1,stop,-96.58,-1.027,48.0,0.457,1.053,False,0.0,9.0,,
2025-02-05 10:57:00,2025-02-05 11:18:00,1,stop,-64.58,-1.033,21.0,1.04,1.032,False,23.5,10.0,13.0,13.0
2025-02-06 10:10:00,2025-02-06 10:40:00,1,stop,-77.58,-1.028,30.0,1.272,1.225,True,26.75,0.0,0.0,5.0
2025-02-06 13:12:00,2025-02-06 13:12:00,1,stop,-100.74,-1.066,0.0,-0.016,1.683,False,0.0,,,
2025-02-06 13:26:00,2025-02-06 14:28:00,1,stop,-65.58,-1.033,62.0,0.276,1.386,True,0.0,6.0,,
2025-02-07 10:41:00,2025-02-07 10:53:00,-1,stop,-79.58,-1.034,12.0,0.753,1.071,False,0.0,4.0,4.0,
2025-02-10 13:17:00,2025-02-10 14:02:00,1,stop,-118.32,-1.096,45.0,1.148,1.111,False,0.0,5.0,9.0,37.0
2025-02-11 10:30:00,2025-02-11 12:01:00,1,stop,-114.58,-1.023,91.0,0.558,1.071,True,26.0,16.0,22.0,
2025-02-11 13:13:00,2025-02-11 13:21:00,-1,stop,-101.16,-1.054,8.0,0.01,1.135,False,0.0,,,
2025-02-11 13:34:00,2025-02-11 15:50:00,1,session_flatten,-39.58,-0.521,136.0,1.079,0.888,True,0.0,2.0,4.0,69.0
2025-02-12 10:13:00,2025-02-12 10:17:00,-1,stop,-89.58,-1.03,4.0,0.264,1.213,True,0.0,0.0,,
2025-02-14 10:09:00,2025-02-14 12:31:00,1,stop,-88.58,-1.03,142.0,0.715,1.145,True,24.25,2.0,48.0,
2025-02-14 13:32:00,2025-02-14 15:50:00,1,session_flatten,118.84,1.278,138.0,1.806,0.484,False,33.5,2.0,2.0,5.0
2025-02-17 10:20:00,2025-02-17 11:03:00,1,target,197.68,1.938,43.0,2.02,0.235,False,5.0,7.0,10.0,17.0
2025-02-18 10:17:00,2025-02-18 10:28:00,-1,target,232.26,1.96,11.0,2.709,0.127,False,13.5,0.0,0.0,0.0
2025-02-18 10:48:00,2025-02-18 10:53:00,-1,stop,-123.16,-1.035,5.0,0.395,1.034,False,0.0,0.0,,
2025-02-18 13:32:00,2025-02-18 14:09:00,-1,target,190.84,1.967,37.0,2.0,0.814,False,22.0,1.0,11.0,36.0
2025-02-19 10:04:00,2025-02-19 10:46:00,-1,stop,-91.58,-1.023,42.0,0.682,1.028,True,24.5,1.0,5.0,
2025-02-20 10:48:00,2025-02-20 12:21:00,-1,stop,-100.58,-1.021,93.0,1.264,1.0,True,0.0,2.0,4.0,12.0
2025-02-20 13:25:00,2025-02-20 13:59:00,-1,stop,-75.58,-1.035,34.0,0.055,1.151,True,0.0,,,
2025-02-21 10:15:00,2025-02-21 10:34:00,-1,target,170.42,1.982,19.0,2.081,0.552,False,69.75,6.0,7.0,10.0
2025-02-24 14:21:00,2025-02-24 15:43:00,-1,target,123.42,1.975,82.0,2.064,0.56,True,0.0,1.0,21.0,35.0
2025-02-25 14:14:00,2025-02-25 14:40:00,-1,stop,-73.58,-1.036,26.0,1.169,1.113,True,0.0,1.0,1.0,2.0
2025-03-14 11:00:00,2025-03-14 11:40:00,1,target,184.42,1.983,40.0,2.038,0.011,False,60.5,0.0,0.0,1.0
2025-03-18 14:05:00,2025-03-18 14:24:00,-1,stop,-127.16,-1.034,19.0,0.951,1.252,True,0.0,0.0,0.0,
2025-03-19 14:32:00,2025-03-19 14:45:00,1,target,156.42,1.98,13.0,2.019,0.139,False,41.0,0.0,0.0,1.0
2025-03-24 10:14:00,2025-03-24 12:07:00,1,target,138.42,1.977,113.0,2.036,0.014,False,41.25,0.0,2.0,8.0
2025-03-24 14:45:00,2025-03-24 15:50:00,1,session_flatten,39.42,0.422,65.0,0.668,0.749,False,13.25,19.0,21.0,
2025-03-25 10:07:00,2025-03-25 10:53:00,1,target,168.42,1.981,46.0,2.047,0.218,False,46.0,1.0,4.0,23.0
2025-03-25 13:04:00,2025-03-25 13:18:00,1,stop,-107.16,-1.04,14.0,0.437,1.019,False,0.0,5.0,,
2025-03-25 14:22:00,2025-03-25 14:32:00,1,stop,-113.16,-1.048,10.0,0.093,1.037,True,0.0,,,
2025-03-27 14:38:00,2025-03-27 15:01:00,1,stop,-70.58,-1.038,23.0,1.125,1.0,True,0.0,2.0,5.0,14.0
2025-04-02 10:41:00,2025-04-02 11:22:00,1,target,142.42,1.978,41.0,2.139,0.576,False,38.25,1.0,1.0,17.0
2025-04-03 13:10:00,2025-04-03 14:13:00,-1,target,176.42,1.982,63.0,2.067,0.669,True,0.0,1.0,11.0,13.0
2025-04-14 10:49:00,2025-04-14 10:58:00,1,stop,-78.58,-1.027,9.0,0.85,1.092,False,0.0,1.0,2.0,
2025-04-16 10:16:00,2025-04-16 10:25:00,-1,stop,-115.58,-1.023,9.0,0.292,1.097,True,0.0,4.0,,
2025-04-16 13:04:00,2025-04-16 13:13:00,-1,target,205.26,1.955,9.0,2.171,0.786,False,0.0,0.0,1.0,2.0
2025-04-28 10:25:00,2025-04-28 10:25:00,-1,stop,-77.58,-1.028,0.0,-0.007,1.384,False,0.0,,,
2025-05-01 13:36:00,2025-05-01 13:41:00,1,stop,-115.16,-1.047,5.0,0.109,1.5,True,0.0,,,
2025-05-01 14:10:00,2025-05-01 15:11:00,1,stop,-90.58,-1.024,61.0,0.559,1.254,True,0.0,2.0,36.0,
2025-05-02 10:04:00,2025-05-02 12:02:00,1,target,202.42,1.985,118.0,2.936,0.064,False,116.75,0.0,0.0,12.0
2025-05-05 10:36:00,2025-05-05 10:40:00,-1,stop,-110.58,-1.019,4.0,0.166,1.124,True,0.0,,,
2025-05-06 14:48:00,2025-05-06 14:52:00,1,stop,-91.16,-1.06,4.0,0.0,1.163,False,0.0,,,
2025-05-06 14:54:00,2025-05-06 15:50:00,1,session_flatten,102.84,1.094,56.0,1.84,0.691,False,0.0,0.0,2.0,3.0
2025-05-07 10:08:00,2025-05-07 10:51:00,1,stop,-111.16,-1.039,43.0,1.617,1.224,True,30.75,0.0,3.0,16.0
2025-05-07 13:25:00,2025-05-07 13:36:00,1,stop,-95.16,-1.046,11.0,0.505,1.253,True,0.0,0.0,1.0,
2025-05-07 13:52:00,2025-05-07 14:07:00,-1,target,172.42,1.982,15.0,3.218,0.224,True,54.25,0.0,0.0,2.0
2025-05-14 10:15:00,2025-05-14 11:05:00,1,stop,-103.58,-1.026,50.0,0.475,1.035,True,0.0,38.0,,
2025-05-14 13:18:00,2025-05-14 13:52:00,-1,stop,-83.58,-1.026,34.0,1.098,1.012,True,0.0,0.0,4.0,5.0
2025-05-14 14:07:00,2025-05-14 14:11:00,1,stop,-121.74,-1.068,4.0,0.316,1.276,False,0.0,0.0,,
2025-05-15 10:18:00,2025-05-15 11:01:00,-1,stop,-90.58,-1.029,43.0,0.824,1.102,True,0.0,0.0,15.0,
2025-05-16 10:09:00,2025-05-16 10:35:00,1,stop,-100.58,-1.026,26.0,0.388,1.204,True,9.75,10.0,,
2025-05-16 13:15:00,2025-05-16 14:52:00,1,target,244.26,1.962,97.0,2.145,0.675,False,9.25,2.0,2.0,18.0
2025-05-20 13:02:00,2025-05-20 13:20:00,1,stop,-122.9,-1.092,18.0,0.822,1.222,False,1.0,0.0,4.0,
2025-05-21 10:28:00,2025-05-21 10:35:00,1,stop,-95.16,-1.057,7.0,0.544,1.133,False,0.0,0.0,4.0,
2025-05-21 10:54:00,2025-05-21 11:09:00,1,target,166.42,1.981,15.0,2.286,0.25,False,71.5,2.0,3.0,6.0
2025-05-22 13:46:00,2025-05-22 15:46:00,1,stop,-84.58,-1.025,120.0,1.17,1.309,True,7.5,10.0,11.0,80.0
2025-05-28 10:23:00,2025-05-28 12:38:00,-1,stop,-71.58,-1.03,135.0,0.583,1.0,True,12.0,15.0,36.0,
2025-05-29 13:27:00,2025-05-29 14:21:00,-1,target,157.42,1.98,54.0,2.094,0.604,False,0.0,11.0,22.0,30.0
2025-05-30 10:49:00,2025-05-30 10:54:00,1,stop,-125.16,-1.043,5.0,0.117,1.158,False,0.0,,,
2025-05-30 15:04:00,2025-05-30 15:38:00,1,target,157.42,1.98,34.0,2.252,0.025,False,8.0,1.0,2.0,14.0
2025-06-03 10:47:00,2025-06-03 10:59:00,1,target,220.26,1.958,12.0,2.08,0.173,False,19.75,1.0,1.0,5.0
2025-06-04 13:37:00,2025-06-04 13:41:00,1,stop,-89.16,-1.061,4.0,0.0,1.417,False,0.0,,,
2025-06-04 14:15:00,2025-06-04 15:41:00,1,stop,-95.16,-1.057,86.0,0.5,1.244,False,3.25,7.0,16.0,
2025-06-05 10:11:00,2025-06-05 10:24:00,-1,stop,-121.58,-1.017,13.0,0.042,1.184,True,0.0,,,
2025-06-05 13:57:00,2025-06-05 14:17:00,-1,target,187.42,1.983,20.0,2.513,0.19,False,35.25,2.0,6.0,9.0
2025-06-06 11:00:00,2025-06-06 11:18:00,1,stop,-101.16,-1.054,18.0,1.531,1.281,True,6.75,6.0,7.0,7.0
2025-06-06 13:47:00,2025-06-06 14:31:00,1,target,190.84,1.967,44.0,2.536,0.33,False,9.75,11.0,14.0,15.0
2025-06-06 14:35:00,2025-06-06 14:43:00,1,stop,-65.58,-1.041,8.0,0.063,1.079,False,0.0,,,
2025-06-09 10:11:00,2025-06-09 15:50:00,1,session_flatten,19.42,0.243,339.0,1.75,0.231,True,58.75,0.0,2.0,11.0
2025-06-10 10:39:00,2025-06-10 10:56:00,1,stop,-126.32,-1.071,17.0,1.085,1.254,True,0.0,6.0,6.0,9.0
2025-06-10 13:12:00,2025-06-10 13:29:00,1,stop,-95.16,-1.057,17.0,0.644,1.144,False,4.5,0.0,2.0,
2025-06-11 10:11:00,2025-06-11 11:01:00,1,target,128.42,1.976,50.0,2.0,0.308,False,40.75,2.0,4.0,15.0
2025-06-11 13:11:00,2025-06-11 13:44:00,1,stop,-98.58,-1.022,33.0,0.088,1.119,True,0.0,,,
2025-06-12 10:09:00,2025-06-12 15:50:00,1,session_flatten,20.42,0.194,341.0,1.619,0.2,True,74.0,4.0,7.0,32.0
2025-06-16 13:27:00,2025-06-16 14:49:00,1,stop,-86.58,-1.025,82.0,0.467,1.012,True,0.0,2.0,,
2025-06-18 10:04:00,2025-06-18 10:19:00,1,target,212.84,1.971,15.0,2.12,0.074,False,34.5,0.0,0.0,1.0
2025-06-18 14:02:00,2025-06-18 14:03:00,1,stop,-109.58,-1.019,1.0,0.233,1.126,True,0.0,,,
2025-06-18 14:35:00,2025-06-18 14:36:00,1,stop,-110.58,-1.019,1.0,0.111,1.014,True,0.0,,,
2025-06-18 14:40:00,2025-06-18 14:52:00,1,stop,-91.58,-1.029,12.0,0.624,1.112,True,0.0,2.0,3.0,
2025-06-19 10:35:00,2025-06-19 10:56:00,-1,stop,-68.58,-1.031,21.0,0.602,1.068,True,0.0,1.0,10.0,
2025-06-24 10:19:00,2025-06-24 13:45:00,1,target,207.42,1.985,206.0,2.024,0.44,True,89.5,23.0,44.0,65.0
2025-06-25 10:47:00,2025-06-25 10:51:00,1,stop,-85.58,-1.025,4.0,0.018,1.06,True,0.0,,,
2025-06-27 10:40:00,2025-06-27 10:53:00,1,stop,-100.58,-1.026,13.0,0.061,1.23,True,0.0,,,
2025-06-27 14:14:00,2025-06-27 14:30:00,-1,target,194.84,1.968,16.0,2.121,0.071,False,16.0,0.0,1.0,5.0
2025-06-30 10:13:00,2025-06-30 10:22:00,1,stop,-76.58,-1.028,9.0,0.121,1.121,True,0.0,,,
2025-06-30 10:31:00,2025-06-30 11:16:00,1,stop,-73.58,-1.029,45.0,0.063,1.105,True,0.0,,,
2025-06-30 13:33:00,2025-06-30 13:56:00,-1,stop,-109.74,-1.06,23.0,0.551,1.449,True,0.0,2.0,3.0,
2025-07-01 10:12:00,2025-07-01 10:14:00,-1,stop,-63.58,-1.042,2.0,0.066,1.279,True,0.0,,,
2025-07-01 14:58:00,2025-07-01 15:01:00,-1,target,176.84,1.965,3.0,2.133,0.122,False,0.0,1.0,1.0,3.0
2025-07-02 10:02:00,2025-07-02 10:13:00,1,target,220.26,1.958,11.0,2.147,0.227,False,32.0,0.0,1.0,5.0
2025-07-03 10:38:00,2025-07-03 10:44:00,1,stop,-122.32,-1.092,6.0,0.393,1.054,False,0.0,0.0,,
2025-07-07 10:17:00,2025-07-07 10:24:00,-1,stop,-71.58,-1.03,7.0,0.014,1.065,True,0.0,,,
2025-07-07 10:52:00,2025-07-07 11:58:00,-1,stop,-112.74,-1.074,66.0,1.986,1.029,True,17.5,0.0,1.0,2.0
2025-07-07 13:01:00,2025-07-07 13:03:00,-1,stop,-126.32,-1.089,2.0,0.31,1.138,False,0.0,1.0,,
2025-07-08 10:26:00,2025-07-08 10:32:00,-1,stop,-77.58,-1.028,6.0,0.258,1.053,True,3.75,1.0,,
2025-07-08 13:19:00,2025-07-08 13:31:00,-1,stop,-69.58,-1.031,12.0,0.319,1.126,True,0.0,0.0,,
2025-07-08 13:58:00,2025-07-08 14:46:00,1,stop,-91.58,-1.029,48.0,0.157,1.0,True,0.0,,,
2025-07-09 14:58:00,2025-07-09 15:50:00,1,session_flatten,34.84,0.308,52.0,0.531,0.451,False,0.0,23.0,24.0,
2025-07-10 13:56:00,2025-07-10 15:50:00,1,session_flatten,-51.16,-0.624,114.0,0.659,0.78,False,0.0,12.0,23.0,
2025-07-11 13:30:00,2025-07-11 13:33:00,1,stop,-121.74,-1.068,3.0,-0.013,1.079,False,0.0,,,
2025-07-11 14:09:00,2025-07-11 14:12:00,1,stop,-130.32,-1.086,3.0,0.4,1.05,False,0.0,0.0,,
2025-07-11 14:13:00,2025-07-11 14:29:00,1,stop,-132.9,-1.085,16.0,0.653,1.0,False,0.0,0.0,1.0,
2025-07-15 14:32:00,2025-07-15 14:36:00,1,stop,-135.48,-1.129,4.0,-0.025,1.975,False,0.0,,,
2025-07-15 14:53:00,2025-07-15 14:58:00,-1,target,193.26,1.952,5.0,2.409,0.121,False,0.0,0.0,0.0,0.0
2025-07-15 14:59:00,2025-07-15 15:50:00,-1,session_flatten,-6.58,-0.059,51.0,0.5,0.339,False,7.0,2.0,25.0,
2025-07-16 10:16:00,2025-07-16 10:23:00,-1,stop,-61.58,-1.044,7.0,0.492,1.085,True,0.0,0.0,,
2025-07-17 10:34:00,2025-07-17 12:24:00,1,target,204.42,1.985,110.0,2.073,0.107,False,96.5,1.0,16.0,31.0
2025-07-18 10:05:00,2025-07-18 12:27:00,-1,target,155.42,1.98,142.0,2.013,0.051,True,64.75,0.0,9.0,12.0
2025-07-18 13:02:00,2025-07-18 13:25:00,-1,stop,-117.16,-1.037,23.0,0.549,1.062,False,3.0,0.0,1.0,
2025-07-21 13:19:00,2025-07-21 14:14:00,1,stop,-114.32,-1.078,55.0,0.566,1.17,False,0.0,1.0,15.0,
2025-07-23 10:11:00,2025-07-23 10:17:00,-1,stop,-115.74,-1.072,6.0,1.417,1.083,False,7.5,0.0,2.0,2.0
2025-07-23 10:36:00,2025-07-23 10:56:00,-1,stop,-91.58,-1.023,20.0,0.067,1.05,True,0.0,,,
2025-07-23 13:05:00,2025-07-23 13:13:00,1,stop,-118.32,-1.096,8.0,0.315,1.167,False,0.0,0.0,,
2025-07-24 14:11:00,2025-07-24 14:47:00,1,stop,-115.16,-1.037,36.0,0.631,1.108,False,3.25,0.0,1.0,
2025-07-25 10:14:00,2025-07-25 12:32:00,1,target,122.42,1.975,138.0,2.048,0.831,False,61.0,21.0,115.0,120.0
2025-07-29 14:27:00,2025-07-29 14:39:00,-1,stop,-111.16,-1.049,12.0,0.142,1.019,False,0.0,,,
2025-07-29 14:58:00,2025-07-29 15:37:00,-1,target,208.26,1.955,39.0,2.479,0.606,False,6.5,14.0,25.0,30.0
2025-07-30 10:23:00,2025-07-30 14:36:00,1,target,161.42,1.981,253.0,2.031,0.699,True,59.75,1.0,8.0,114.0
2025-08-04 10:13:00,2025-08-04 10:46:00,1,stop,-121.16,-1.044,33.0,0.698,1.216,False,0.0,2.0,3.0,
2025-08-04 13:02:00,2025-08-04 13:45:00,1,stop,-117.9,-1.123,43.0,1.286,1.286,False,6.75,0.0,9.0,9.0
2025-08-08 10:19:00,2025-08-08 10:33:00,1,target,182.84,1.966,14.0,2.022,0.075,False,16.75,0.0,1.0,9.0
2025-08-08 14:58:00,2025-08-08 15:31:00,1,stop,-122.32,-1.092,33.0,0.411,1.232,False,0.0,23.0,,
2025-08-11 10:12:00,2025-08-11 13:39:00,1,stop,-84.58,-1.025,207.0,1.297,1.164,True,48.5,6.0,115.0,118.0
2025-08-11 13:40:00,2025-08-11 15:47:00,-1,target,132.42,1.976,127.0,2.052,0.336,False,45.25,1.0,21.0,65.0
2025-08-12 10:50:00,2025-08-12 11:06:00,1,target,168.84,1.963,16.0,2.314,0.43,False,0.0,0.0,2.0,3.0
2025-08-14 10:30:00,2025-08-14 11:21:00,1,stop,-121.16,-1.044,51.0,1.741,1.207,True,45.25,1.0,2.0,10.0
2025-08-15 10:47:00,2025-08-15 11:45:00,-1,target,157.42,1.98,58.0,2.069,0.459,True,31.25,1.0,12.0,53.0
2025-08-15 14:50:00,2025-08-15 14:56:00,-1,stop,-89.16,-1.049,6.0,0.047,1.0,True,0.0,,,
2025-08-15 15:05:00,2025-08-15 15:42:00,-1,stop,-77.58,-1.028,37.0,0.179,1.126,True,0.0,,,
2025-08-18 13:32:00,2025-08-18 13:43:00,1,stop,-61.58,-1.035,11.0,0.613,1.042,True,0.0,0.0,0.0,
2025-08-18 14:33:00,2025-08-18 15:50:00,1,session_flatten,148.26,1.373,77.0,1.875,0.569,False,0.0,12.0,15.0,23.0
2025-08-19 10:27:00,2025-08-19 10:32:00,-1,target,127.42,1.976,5.0,2.054,0.163,False,26.5,0.0,1.0,2.0
2025-08-20 14:24:00,2025-08-20 14:40:00,-1,stop,-109.58,-1.019,16.0,-0.005,1.051,True,0.0,,,
2025-08-21 15:04:00,2025-08-21 15:50:00,1,session_flatten,-37.58,-0.504,46.0,0.409,0.893,True,0.0,6.0,,
2025-08-25 10:51:00,2025-08-25 15:50:00,1,session_flatten,-53.58,-0.653,299.0,1.079,0.811,True,41.75,15.0,27.0,62.0
2025-08-26 10:46:00,2025-08-26 11:10:00,1,stop,-68.58,-1.039,24.0,0.152,1.091,False,0.0,,,
2025-08-26 14:50:00,2025-08-26 15:23:00,1,target,217.1,1.93,33.0,2.889,0.978,False,22.75,0.0,8.0,32.0
2025-08-27 13:33:00,2025-08-27 14:15:00,1,target,164.84,1.962,42.0,2.214,0.202,False,21.75,7.0,9.0,36.0
2025-09-01 10:22:00,2025-09-01 13:00:00,1,session_flatten,147.1,1.226,158.0,1.667,0.646,True,12.0,16.0,43.0,61.0
2025-09-02 13:27:00,2025-09-02 15:43:00,1,target,205.42,1.985,136.0,2.043,0.087,False,0.0,2.0,6.0,13.0
2025-09-03 10:02:00,2025-09-03 10:44:00,1,target,185.42,1.983,42.0,2.139,0.706,True,77.5,1.0,3.0,24.0
2025-09-03 13:13:00,2025-09-03 13:35:00,1,stop,-89.58,-1.024,22.0,0.229,1.006,True,0.0,,,
2025-09-08 13:07:00,2025-09-08 13:26:00,-1,stop,-127.16,-1.042,19.0,0.016,1.016,False,0.0,,,
2025-09-08 13:48:00,2025-09-08 14:23:00,-1,stop,-101.16,-1.054,35.0,1.323,1.073,False,9.0,2.0,4.0,5.0
2025-09-08 15:13:00,2025-09-08 15:42:00,-1,stop,-112.74,-1.059,29.0,1.211,1.197,False,3.75,0.0,0.0,11.0
2025-09-09 10:33:00,2025-09-09 12:17:00,-1,stop,-71.58,-1.03,104.0,1.971,1.05,True,44.75,0.0,0.0,2.0
2025-09-09 15:04:00,2025-09-09 15:50:00,1,session_flatten,25.26,0.219,46.0,0.818,0.545,False,3.5,17.0,20.0,
2025-09-10 10:03:00,2025-09-10 12:24:00,1,stop,-97.58,-1.022,141.0,0.812,1.0,True,0.0,1.0,6.0,
2025-09-10 13:24:00,2025-09-10 15:10:00,-1,target,143.42,1.978,106.0,2.007,0.352,False,65.0,2.0,3.0,56.0
2025-09-11 10:08:00,2025-09-11 10:15:00,1,stop,-69.58,-1.031,7.0,0.244,1.17,True,1.25,,,
2025-09-11 10:19:00,2025-09-11 10:20:00,1,stop,-113.16,-1.048,1.0,0.083,1.019,True,0.0,,,
2025-09-11 10:34:00,2025-09-11 11:19:00,1,target,111.42,1.972,45.0,2.531,0.106,False,47.75,0.0,1.0,2.0
2025-09-11 14:13:00,2025-09-11 14:15:00,1,stop,-116.06,-1.184,2.0,0.714,1.107,False,0.0,0.0,0.0,
2025-09-12 10:23:00,2025-09-12 14:53:00,1,target,176.42,1.982,270.0,2.062,0.152,False,88.5,12.0,24.0,33.0
2025-09-15 10:27:00,2025-09-15 11:50:00,1,target,187.26,1.951,83.0,2.125,0.406,False,13.0,0.0,1.0,4.0
2025-09-17 10:30:00,2025-09-17 14:01:00,-1,stop,-74.58,-1.036,211.0,1.771,1.972,True,61.5,13.0,16.0,73.0
2025-09-18 13:02:00,2025-09-18 13:20:00,1,stop,-112.9,-1.101,18.0,0.61,1.22,False,0.0,0.0,0.0,
2025-09-19 10:46:00,2025-09-19 12:04:00,-1,stop,-79.58,-1.034,78.0,1.169,1.019,True,29.25,2.0,21.0,45.0
2025-09-19 13:47:00,2025-09-19 14:26:00,1,stop,-93.16,-1.059,39.0,0.023,1.0,False,0.0,,,
2025-09-22 10:18:00,2025-09-22 10:37:00,1,target,214.26,1.957,19.0,2.014,0.205,False,19.75,0.0,3.0,4.0
2025-09-23 10:02:00,2025-09-23 10:42:00,-1,stop,-82.58,-1.032,40.0,0.044,1.062,True,0.0,,,
2025-09-23 13:02:00,2025-09-23 13:36:00,-1,target,131.42,1.976,34.0,2.173,0.218,False,67.75,2.0,18.0,24.0
2025-09-24 10:35:00,2025-09-24 10:50:00,-1,stop,-71.58,-1.03,15.0,0.022,1.007,True,0.0,,,
2025-09-25 15:13:00,2025-09-25 15:17:00,1,stop,-91.16,-1.048,4.0,0.092,1.023,False,0.0,,,
2025-09-26 10:02:00,2025-09-26 10:06:00,1,stop,-105.58,-1.025,4.0,0.209,1.136,True,0.0,,,
2025-09-29 10:24:00,2025-09-29 11:11:00,1,stop,-74.58,-1.029,47.0,0.469,1.262,True,0.0,0.0,,
2025-09-30 13:38:00,2025-09-30 13:42:00,-1,stop,-115.74,-1.072,4.0,0.153,1.097,False,0.0,,,
2025-09-30 14:12:00,2025-09-30 15:50:00,1,target,158.42,1.98,98.0,2.044,0.119,False,18.75,1.0,4.0,33.0
2025-10-02 10:52:00,2025-10-02 13:26:00,-1,stop,-115.58,-1.023,154.0,0.704,1.053,True,20.5,6.0,12.0,
2025-10-02 13:42:00,2025-10-02 13:56:00,1,stop,-126.32,-1.089,14.0,0.759,1.121,False,0.0,1.0,1.0,
2025-10-02 14:14:00,2025-10-02 15:50:00,1,session_flatten,17.42,0.274,96.0,0.622,0.331,False,0.0,13.0,52.0,
2025-10-03 13:02:00,2025-10-03 13:06:00,-1,target,132.42,1.976,4.0,2.082,0.06,False,26.75,0.0,1.0,2.0
2025-10-06 10:02:00,2025-10-06 10:11:00,1,stop,-80.58,-1.026,9.0,0.127,1.019,True,0.0,,,
2025-10-06 13:25:00,2025-10-06 15:50:00,1,session_flatten,-60.58,-0.717,145.0,0.675,0.852,False,24.5,40.0,67.0,
2025-10-07 10:02:00,2025-10-07 10:04:00,1,stop,-115.74,-1.057,2.0,0.178,1.863,True,3.5,,,
2025-10-07 10:29:00,2025-10-07 11:06:00,-1,target,189.42,1.983,37.0,2.026,0.435,False,93.75,8.0,9.0,35.0
2025-10-09 10:17:00,2025-10-09 10:43:00,-1,target,216.84,1.971,26.0,2.064,0.518,False,44.25,5.0,5.0,15.0
2025-10-09 13:12:00,2025-10-09 13:30:00,-1,target,164.84,1.962,18.0,2.036,0.107,False,23.75,0.0,2.0,3.0
2025-10-10 10:09:00,2025-10-10 10:17:00,1,stop,-83.58,-1.032,8.0,0.049,1.265,True,0.0,,,
2025-10-20 10:24:00,2025-10-20 10:54:00,1,target,133.42,1.977,30.0,2.17,0.267,False,68.25,2.0,3.0,5.0
2025-10-21 10:02:00,2025-10-21 10:20:00,-1,stop,-107.58,-1.025,18.0,0.19,1.029,True,1.75,,,
2025-10-22 10:15:00,2025-10-22 10:30:00,-1,target,191.42,1.984,15.0,2.218,0.446,True,56.25,0.0,1.0,13.0
2025-10-23 10:14:00,2025-10-23 10:20:00,1,stop,-70.58,-1.038,6.0,0.338,1.441,True,0.0,0.0,,
2025-10-23 10:47:00,2025-10-23 11:45:00,1,stop,-86.58,-1.025,58.0,0.828,1.302,True,19.0,0.0,3.0,
2025-10-24 13:49:00,2025-10-24 14:04:00,1,stop,-105.16,-1.041,15.0,0.099,1.228,False,0.0,,,
2025-10-27 10:30:00,2025-10-27 14:56:00,1,target,160.42,1.98,266.0,2.006,0.284,False,66.0,2.0,7.0,61.0
2025-10-29 13:27:00,2025-10-29 14:01:00,-1,stop,-87.58,-1.024,34.0,0.175,1.474,True,0.0,,,
2025-10-30 14:39:00,2025-10-30 15:22:00,-1,target,142.42,1.978,43.0,2.59,0.771,False,46.25,1.0,23.0,32.0
2025-11-03 14:04:00,2025-11-03 15:50:00,-1,session_flatten,46.42,0.761,106.0,1.574,0.516,True,0.0,1.0,15.0,39.0
2025-11-05 10:24:00,2025-11-05 11:30:00,1,target,164.42,1.981,66.0,2.127,0.102,False,30.5,0.0,0.0,4.0
2025-11-10 10:22:00,2025-11-10 10:48:00,1,stop,-66.58,-1.04,26.0,0.781,1.047,True,4.0,0.0,4.0,
2025-11-11 10:07:00,2025-11-11 11:31:00,-1,target,208.42,1.985,84.0,2.01,0.262,True,65.0,0.0,0.0,24.0
2025-11-12 10:33:00,2025-11-12 11:11:00,-1,target,131.42,1.976,38.0,2.617,0.481,False,52.5,2.0,2.0,4.0
2025-11-12 14:23:00,2025-11-12 15:33:00,-1,stop,-68.58,-1.039,70.0,1.242,1.386,True,0.0,6.0,6.0,44.0
2025-11-24 10:29:00,2025-11-24 11:09:00,1,target,216.42,1.986,40.0,2.101,0.445,False,79.5,0.0,7.0,11.0
2025-11-28 10:03:00,2025-11-28 10:06:00,1,stop,-119.16,-1.036,3.0,0.261,1.165,True,0.0,1.0,,
2025-11-28 10:17:00,2025-11-28 10:30:00,1,stop,-65.58,-1.041,13.0,0.46,1.079,True,0.0,4.0,,
2025-11-28 10:51:00,2025-11-28 11:28:00,1,stop,-99.16,-1.044,37.0,1.516,1.411,True,15.5,0.0,1.0,16.0
2025-12-01 10:36:00,2025-12-01 10:41:00,-1,stop,-119.58,-1.018,5.0,0.37,1.221,True,0.0,0.0,,
2025-12-02 10:02:00,2025-12-02 10:31:00,1,stop,-117.58,-1.022,29.0,0.622,1.365,True,10.0,0.0,4.0,
2025-12-02 14:06:00,2025-12-02 15:50:00,1,session_flatten,54.42,0.698,104.0,1.314,0.821,True,0.0,0.0,46.0,46.0
2025-12-04 10:26:00,2025-12-04 10:31:00,-1,stop,-77.58,-1.028,5.0,1.073,1.013,True,0.0,0.0,0.0,0.0
2025-12-04 13:12:00,2025-12-04 13:30:00,-1,stop,-68.58,-1.031,18.0,0.368,1.083,True,0.0,0.0,,
2025-12-04 14:17:00,2025-12-04 14:21:00,-1,target,204.84,1.97,4.0,2.788,0.058,False,0.0,0.0,2.0,3.0
2025-12-05 13:32:00,2025-12-05 15:48:00,1,stop,-110.58,-1.019,136.0,0.101,1.18,True,0.0,,,
2025-12-08 10:17:00,2025-12-08 11:20:00,-1,target,202.42,1.985,63.0,2.083,0.397,False,97.75,4.0,8.0,10.0
2025-12-09 10:02:00,2025-12-09 12:04:00,1,target,160.42,1.98,122.0,2.173,0.599,True,74.25,1.0,1.0,43.0
2025-12-10 10:36:00,2025-12-10 11:01:00,-1,target,139.42,1.978,25.0,2.121,0.525,True,33.25,0.0,1.0,3.0
2025-12-10 13:42:00,2025-12-10 14:01:00,-1,stop,-127.74,-1.051,19.0,1.679,5.531,True,43.0,0.0,14.0,19.0
2025-12-12 10:02:00,2025-12-12 10:10:00,-1,target,208.42,1.985,8.0,2.09,0.319,False,91.25,2.0,3.0,6.0
2025-12-12 14:03:00,2025-12-12 15:39:00,-1,target,235.42,1.987,96.0,2.068,0.304,False,0.0,11.0,11.0,84.0
2025-12-16 15:02:00,2025-12-16 15:36:00,1,target,158.42,1.98,34.0,2.013,0.156,False,12.5,3.0,6.0,29.0
2025-12-17 10:02:00,2025-12-17 10:36:00,-1,target,156.42,1.98,34.0,2.051,0.899,True,15.0,0.0,1.0,33.0
2025-12-18 14:54:00,2025-12-18 15:14:00,-1,stop,-95.58,-1.022,20.0,0.909,1.075,False,0.0,2.0,4.0,
2025-12-29 10:37:00,2025-12-29 10:48:00,1,stop,-79.58,-1.027,11.0,0.058,1.097,True,0.0,,,
2025-12-30 10:14:00,2025-12-30 10:58:00,-1,stop,-96.58,-1.022,44.0,0.323,1.074,True,0.0,30.0,,
2025-12-30 14:51:00,2025-12-30 15:13:00,-1,target,202.26,1.954,22.0,2.0,0.217,False,0.0,2.0,4.0,16.0
2025-12-31 10:13:00,2025-12-31 13:41:00,-1,stop,-72.58,-1.037,208.0,1.186,1.214,True,39.25,6.0,42.0,43.0
2025-12-31 14:27:00,2025-12-31 15:09:00,-1,target,162.42,1.981,42.0,2.146,0.22,False,44.5,5.0,6.0,8.0
2026-01-05 10:03:00,2026-01-05 13:19:00,1,stop,-102.58,-1.026,196.0,1.87,1.115,True,34.75,1.0,2.0,25.0
2026-01-05 15:04:00,2026-01-05 15:09:00,-1,stop,-91.16,-1.06,5.0,0.012,1.151,False,0.0,,,
2026-01-06 10:15:00,2026-01-06 10:45:00,1,stop,-64.58,-1.033,30.0,0.712,1.28,False,5.75,2.0,11.0,
2026-01-06 13:16:00,2026-01-06 13:48:00,1,target,232.26,1.96,32.0,2.089,0.709,False,19.5,0.0,1.0,29.0
2026-01-07 10:08:00,2026-01-07 10:40:00,1,stop,-111.58,-1.024,32.0,0.67,1.037,True,22.0,25.0,28.0,
2026-01-08 14:12:00,2026-01-08 15:16:00,-1,stop,-67.58,-1.04,64.0,0.908,1.031,True,0.0,1.0,4.0,
2026-01-13 13:23:00,2026-01-13 15:50:00,-1,session_flatten,38.42,0.496,147.0,1.813,0.794,False,2.75,22.0,28.0,34.0
2026-01-15 14:04:00,2026-01-15 14:31:00,-1,target,156.42,1.98,27.0,2.278,0.139,False,38.0,0.0,1.0,22.0
2026-01-20 10:20:00,2026-01-20 10:22:00,-1,stop,-88.58,-1.024,2.0,0.162,1.647,True,0.0,,,
2026-01-22 15:03:00,2026-01-22 15:50:00,-1,session_flatten,-4.58,-0.046,47.0,0.95,0.632,True,0.0,24.0,28.0,
2026-01-23 14:10:00,2026-01-23 14:42:00,1,stop,-88.58,-1.024,32.0,0.22,1.075,True,0.0,,,
2026-01-27 10:32:00,2026-01-27 10:39:00,1,target,245.68,1.95,7.0,2.429,0.238,False,13.25,0.0,1.0,3.0
2026-01-27 13:48:00,2026-01-27 14:04:00,1,stop,-144.06,-1.112,16.0,1.081,1.108,False,0.0,2.0,9.0,10.0
2026-02-05 13:49:00,2026-02-05 14:04:00,-1,stop,-86.58,-1.031,15.0,0.661,1.06,True,0.0,2.0,5.0,
2026-02-10 10:20:00,2026-02-10 10:57:00,1,stop,-117.58,-1.018,37.0,0.446,1.13,True,0.0,4.0,,
2026-02-16 10:58:00,2026-02-16 11:09:00,-1,stop,-75.58,-1.035,11.0,0.349,1.075,True,0.0,1.0,,
2026-02-24 10:08:00,2026-02-24 10:29:00,1,target,240.42,1.987,21.0,2.05,0.674,False,38.75,2.0,3.0,15.0
2026-02-25 10:24:00,2026-02-25 10:54:00,1,stop,-111.16,-1.039,30.0,1.299,1.121,True,0.0,1.0,2.0,5.0
2026-02-25 13:12:00,2026-02-25 13:16:00,1,stop,-129.48,-1.107,4.0,0.564,1.077,False,0.0,0.0,0.0,
2026-02-25 14:03:00,2026-02-25 14:19:00,1,target,218.52,1.917,16.0,2.184,0.132,False,8.75,0.0,0.0,0.0
2026-02-27 15:12:00,2026-02-27 15:50:00,1,session_flatten,26.42,0.307,38.0,1.5,0.424,True,0.0,1.0,3.0,8.0
2026-03-12 14:36:00,2026-03-12 15:47:00,-1,target,224.84,1.972,71.0,2.149,0.851,False,3.25,0.0,1.0,27.0
2026-04-06 15:05:00,2026-04-06 15:42:00,1,stop,-136.74,-1.06,37.0,0.267,1.174,False,0.0,1.0,,
2026-04-09 10:17:00,2026-04-09 10:56:00,-1,stop,-109.58,-1.019,39.0,0.665,1.074,True,25.25,2.0,10.0,
2026-04-13 10:46:00,2026-04-13 12:34:00,1,target,171.42,1.982,108.0,2.185,0.792,False,78.0,8.0,12.0,95.0
2026-04-14 10:08:00,2026-04-14 10:31:00,1,target,128.42,1.976,23.0,2.062,0.223,False,45.25,2.0,2.0,7.0
2026-04-14 10:54:00,2026-04-14 11:06:00,1,stop,-109.16,-1.04,12.0,0.533,1.352,False,6.0,1.0,1.0,
2026-04-15 10:16:00,2026-04-15 10:57:00,1,target,168.42,1.981,41.0,2.0,0.471,False,74.5,1.0,9.0,14.0
2026-04-16 10:58:00,2026-04-16 11:16:00,1,target,178.42,1.982,18.0,2.017,0.233,False,41.75,3.0,5.0,9.0
2026-04-16 15:03:00,2026-04-16 15:50:00,1,session_flatten,45.42,0.531,47.0,0.573,0.614,False,0.0,33.0,44.0,
2026-04-17 10:33:00,2026-04-17 11:32:00,1,target,192.42,1.984,59.0,2.015,0.119,False,91.0,1.0,1.0,8.0
2026-04-20 10:29:00,2026-04-20 10:52:00,-1,target,142.42,1.978,23.0,3.771,0.062,False,103.75,0.0,0.0,3.0
2026-04-22 10:02:00,2026-04-22 11:25:00,1,target,238.42,1.987,83.0,2.038,0.579,True,109.25,6.0,13.0,19.0
2026-04-23 10:39:00,2026-04-23 13:06:00,1,stop,-115.58,-1.018,147.0,1.771,1.401,True,53.5,14.0,17.0,22.0
2026-04-24 10:51:00,2026-04-24 11:24:00,1,target,139.42,1.978,33.0,2.007,0.418,False,52.5,0.0,3.0,7.0
2026-04-27 10:12:00,2026-04-27 13:15:00,-1,stop,-121.58,-1.022,183.0,0.803,1.004,True,0.0,19.0,20.0,
2026-04-27 13:32:00,2026-04-27 15:50:00,1,session_flatten,43.42,0.52,138.0,0.575,0.749,False,15.25,2.0,134.0,
2026-04-29 13:05:00,2026-04-29 13:11:00,-1,stop,-88.58,-1.024,6.0,0.035,1.012,False,0.0,,,
2026-04-30 10:08:00,2026-04-30 10:17:00,-1,target,176.42,1.982,9.0,2.124,0.382,False,39.0,1.0,1.0,1.0
2026-05-01 13:17:00,2026-05-01 14:17:00,1,stop,-111.16,-1.049,60.0,1.321,1.075,False,0.0,2.0,4.0,37.0
2026-05-04 10:34:00,2026-05-04 11:01:00,1,stop,-76.58,-1.035,27.0,1.108,1.432,True,27.75,5.0,8.0,12.0
2026-05-04 14:32:00,2026-05-04 15:50:00,-1,session_flatten,-52.58,-0.476,78.0,0.824,0.525,False,0.0,6.0,13.0,
2026-05-05 10:19:00,2026-05-05 14:13:00,1,target,197.42,1.984,234.0,2.025,0.965,True,69.75,4.0,6.0,7.0
2026-05-13 10:23:00,2026-05-13 11:01:00,1,target,239.42,1.987,38.0,2.104,0.104,False,38.0,0.0,2.0,12.0
2026-05-14 10:38:00,2026-05-14 11:29:00,1,target,237.42,1.987,51.0,2.008,0.209,False,89.25,1.0,3.0,13.0
2026-05-22 15:04:00,2026-05-22 15:50:00,-1,session_flatten,112.42,0.982,46.0,1.655,0.288,False,0.0,3.0,13.0,26.0
2026-05-26 13:50:00,2026-05-26 15:39:00,1,target,153.42,1.98,109.0,2.103,0.613,True,0.0,20.0,22.0,31.0
2026-05-29 13:22:00,2026-05-29 13:55:00,-1,target,198.84,1.969,33.0,2.04,0.406,False,0.0,0.0,0.0,4.0
2026-06-01 10:50:00,2026-06-01 11:34:00,1,target,207.42,1.985,44.0,2.038,0.574,False,80.75,17.0,28.0,41.0
2026-06-02 15:04:00,2026-06-02 15:50:00,1,session_flatten,84.42,0.938,46.0,1.039,0.072,False,0.0,4.0,10.0,45.0
2026-06-03 10:39:00,2026-06-03 10:51:00,1,stop,-111.58,-1.024,12.0,0.459,1.083,True,0.0,5.0,,
2026-06-08 14:34:00,2026-06-08 14:39:00,1,stop,-76.58,-1.028,5.0,0.282,1.181,False,0.0,0.0,,
2026-06-15 10:16:00,2026-06-15 10:23:00,1,stop,-102.58,-1.021,7.0,0.299,1.134,True,0.0,0.0,,
2026-06-15 10:53:00,2026-06-15 11:48:00,1,target,212.42,1.985,55.0,2.0,0.374,False,60.5,4.0,5.0,11.0
